doc_idx,field,status
0,invoice_number,tp
0,period_from,tp
0,period_to,tp
0,issue_date,tp
0,due_date,tp
0,amount_ex_vat,tp
0,supplier_tax_id,tp
0,customer_tax_id,tp
1,invoice_number,tp
1,period_from,tp
1,period_to,tp
1,issue_date,tp
1,due_date,tp
1,amount_ex_vat,tp
1,supplier_tax_id,tp
1,customer_tax_id,tp
2,invoice_number,tp
2,period_from,tp
2,period_to,tp
2,issue_date,tp
2,due_date,tp
2,amount_ex_vat,tp
2,supplier_tax_id,tp
2,customer_tax_id,tp
3,invoice_number,tp
3,period_from,tp
3,period_to,tp
3,issue_date,tp
3,due_date,tp
3,amount_ex_vat,tp
3,supplier_tax_id,tp
3,customer_tax_id,tp
4,invoice_number,tp
4,period_from,tp
4,period_to,tp
4,issue_date,tp
4,due_date,tp
4,amount_ex_vat,tp
4,supplier_tax_id,tp
4,customer_tax_id,tp
5,invoice_number,tp
5,period_from,tp
5,period_to,tp
5,issue_date,tp
5,due_date,tp
5,amount_ex_vat,tp
5,supplier_tax_id,tp
5,customer_tax_id,tp
6,invoice_number,fp
6,period_from,tp
6,period_to,tp
6,issue_date,tp
6,due_date,tp
6,amount_ex_vat,tp
6,supplier_tax_id,tp
6,customer_tax_id,tp
7,invoice_number,fp
7,period_from,tp
7,period_to,tp
7,issue_date,fp
7,due_date,tp
7,amount_ex_vat,tp
7,supplier_tax_id,tp
7,customer_tax_id,tp
8,invoice_number,tp
8,period_from,tp
8,period_to,tp
8,issue_date,tp
8,due_date,tp
8,amount_ex_vat,tp
8,supplier_tax_id,tp
8,customer_tax_id,tp
9,invoice_number,tp
9,period_from,tp
9,period_to,tp
9,issue_date,tp
9,due_date,tp
9,amount_ex_vat,tp
9,supplier_tax_id,tp
9,customer_tax_id,tp
10,invoice_number,tp
10,period_from,tp
10,period_to,tp
10,issue_date,tp
10,due_date,tp
10,amount_ex_vat,tp
10,supplier_tax_id,tp
10,customer_tax_id,tp
11,invoice_number,tp
11,period_from,tp
11,period_to,tp
11,issue_date,tp
11,due_date,tp
11,amount_ex_vat,tp
11,supplier_tax_id,tp
11,customer_tax_id,tp
12,invoice_number,tp
12,period_from,tp
12,period_to,tp
12,issue_date,tp
12,due_date,tp
12,amount_ex_vat,tp
12,supplier_tax_id,tp
12,customer_tax_id,tp
13,invoice_number,tp
13,period_from,tp
13,period_to,tp
13,issue_date,tp
13,due_date,tp
13,amount_ex_vat,tp
13,supplier_tax_id,tp
13,customer_tax_id,tp
14,invoice_number,tp
14,period_from,tp
14,period_to,tp
14,issue_date,tp
14,due_date,tp
14,amount_ex_vat,tp
14,supplier_tax_id,tp
14,customer_tax_id,tp
15,invoice_number,tp
15,period_from,tp
15,period_to,tp
15,issue_date,tp
15,due_date,tp
15,amount_ex_vat,tp
15,supplier_tax_id,tp
15,customer_tax_id,tp
16,invoice_number,tp
16,period_from,tp
16,period_to,tp
16,issue_date,tp
16,due_date,tp
16,amount_ex_vat,tp
16,supplier_tax_id,tp
16,customer_tax_id,tp
17,invoice_number,tp
17,period_from,tp
17,period_to,tp
17,issue_date,tp
17,due_date,tp
17,amount_ex_vat,tp
17,supplier_tax_id,tp
17,customer_tax_id,tp
18,invoice_number,fp
18,period_from,tp
18,period_to,tp
18,issue_date,tp
18,due_date,tp
18,amount_ex_vat,tp
18,supplier_tax_id,tp
18,customer_tax_id,tp
19,invoice_number,fp
19,period_from,tp
19,period_to,tp
19,issue_date,tp
19,due_date,tp
19,amount_ex_vat,tp
19,supplier_tax_id,tp
19,customer_tax_id,tp
20,invoice_number,tp
20,period_from,tp
20,period_to,tp
20,issue_date,tp
20,due_date,tp
20,amount_ex_vat,tp
20,supplier_tax_id,tp
20,customer_tax_id,fp
21,invoice_number,fp
21,period_from,tp
21,period_to,tp
21,issue_date,tp
21,due_date,tp
21,amount_ex_vat,tp
21,supplier_tax_id,tp
21,customer_tax_id,tp
22,invoice_number,tp
22,period_from,tp
22,period_to,tp
22,issue_date,tp
22,due_date,tp
22,amount_ex_vat,tp
22,supplier_tax_id,tp
22,customer_tax_id,tp
23,invoice_number,fp
23,period_from,tp
23,period_to,tp
23,issue_date,tp
23,due_date,tp
23,amount_ex_vat,tp
23,supplier_tax_id,tp
23,customer_tax_id,tp
24,invoice_number,tp
24,period_from,tp
24,period_to,tp
24,issue_date,tp
24,due_date,tp
24,amount_ex_vat,tp
24,supplier_tax_id,tp
24,customer_tax_id,fp
25,invoice_number,fp
25,period_from,fp
25,period_to,tp
25,issue_date,tp
25,due_date,tp
25,amount_ex_vat,tp
25,supplier_tax_id,fp
25,customer_tax_id,tp
26,invoice_number,fp
26,period_from,fp
26,period_to,tp
26,issue_date,fp
26,due_date,fp
26,amount_ex_vat,tp
26,supplier_tax_id,tp
26,customer_tax_id,tp
27,invoice_number,tp
27,period_from,tp
27,period_to,tp
27,issue_date,tp
27,due_date,tp
28,invoice_number,tp
28,period_from,tp
28,period_to,tp
28,issue_date,tp
28,due_date,tp
29,invoice_number,tp
29,period_from,tp
29,period_to,tp
29,issue_date,tp
29,due_date,tp
30,invoice_number,fn
30,period_from,tp
30,period_to,tp
30,issue_date,tp
30,due_date,tp
31,invoice_number,tp
31,period_from,tp
31,period_to,tp
31,issue_date,tp
31,due_date,tp
32,invoice_number,tp
32,period_from,tp
32,period_to,tp
32,issue_date,tp
32,due_date,tp
33,invoice_number,fp
33,period_from,tp
33,period_to,tp
33,issue_date,tp
33,due_date,tp
34,invoice_number,fn
34,period_from,tp
34,period_to,tp
34,issue_date,tp
34,due_date,tp
35,invoice_number,fn
35,period_from,tp
35,period_to,tp
35,issue_date,tp
35,due_date,tp
36,invoice_number,tp
36,period_from,tp
36,period_to,tp
36,issue_date,tp
36,due_date,tp
37,invoice_number,tp
37,period_from,tp
37,period_to,tp
37,issue_date,tp
37,due_date,tp
38,invoice_number,tp
38,period_from,tp
38,period_to,tp
38,issue_date,tp
38,due_date,tp
39,invoice_number,tp
39,period_from,tp
39,period_to,tp
39,issue_date,tp
39,due_date,tp
40,invoice_number,tp
40,period_from,tp
40,period_to,tp
40,issue_date,tp
40,due_date,tp
41,invoice_number,tp
41,period_from,tp
41,period_to,tp
41,issue_date,tp
41,due_date,tp
42,invoice_number,tp
42,period_from,tp
42,period_to,tp
42,issue_date,tp
42,due_date,tp
43,invoice_number,tp
43,period_from,fp
43,period_to,fp
43,issue_date,fn
43,due_date,fn
44,invoice_number,tp
44,period_from,tp
44,period_to,tp
44,issue_date,tp
44,due_date,tp
45,invoice_number,tp
45,period_from,tp
45,period_to,tp
45,issue_date,tp
45,due_date,tp
46,invoice_number,tp
46,period_from,tp
46,period_to,tp
46,issue_date,tp
46,due_date,tp
47,invoice_number,tp
47,period_from,tp
47,period_to,tp
47,issue_date,tp
47,due_date,tp
48,invoice_number,tp
48,period_from,tp
48,period_to,tp
48,issue_date,tp
48,due_date,tp
49,invoice_number,tp
49,period_from,tp
49,period_to,tp
49,issue_date,tp
49,due_date,tp
50,invoice_number,tp
50,period_from,tp
50,period_to,tp
50,issue_date,tp
50,due_date,tp
51,invoice_number,tp
51,period_from,tp
51,period_to,tp
51,issue_date,tp
51,due_date,fn
52,invoice_number,fp
52,period_from,tp
52,period_to,tp
52,issue_date,fn
52,due_date,fn
53,invoice_number,tp
53,period_from,tp
53,period_to,tp
53,issue_date,tp
53,due_date,tp
54,invoice_number,tp
54,period_from,tp
54,period_to,tp
54,issue_date,tp
54,due_date,tp
54,amount_ex_vat,tp
54,supplier_tax_id,tp
54,customer_tax_id,fn
55,invoice_number,tp
55,period_from,tp
55,period_to,tp
55,issue_date,tp
55,due_date,tp
55,amount_ex_vat,tp
55,supplier_tax_id,tp
55,customer_tax_id,fn
56,invoice_number,tp
56,period_from,tp
56,period_to,tp
56,issue_date,tp
56,due_date,tp
56,amount_ex_vat,tp
56,supplier_tax_id,tp
56,customer_tax_id,fn
57,invoice_number,tp
57,period_from,tp
57,period_to,tp
57,issue_date,tp
57,due_date,tp
57,amount_ex_vat,tp
57,supplier_tax_id,tp
57,customer_tax_id,tp
58,invoice_number,tp
58,period_from,tp
58,period_to,tp
58,issue_date,tp
58,due_date,tp
58,amount_ex_vat,tp
58,supplier_tax_id,tp
58,customer_tax_id,fn
59,invoice_number,tp
59,period_from,tp
59,period_to,tp
59,issue_date,tp
59,due_date,tp
59,amount_ex_vat,tp
59,supplier_tax_id,tp
59,customer_tax_id,fn
60,invoice_number,tp
60,period_from,tp
60,period_to,tp
60,issue_date,tp
60,due_date,tp
60,amount_ex_vat,tp
60,supplier_tax_id,tp
60,customer_tax_id,fn
61,invoice_number,tp
61,period_from,tp
61,period_to,tp
61,issue_date,tp
61,due_date,tp
61,amount_ex_vat,tp
61,supplier_tax_id,tp
61,customer_tax_id,fn
62,invoice_number,fp
62,period_from,fp
62,period_to,tp
62,issue_date,tp
62,due_date,fn
62,amount_ex_vat,fp
62,supplier_tax_id,fn
62,customer_tax_id,fn
63,invoice_number,tp
63,period_from,tp
63,period_to,tp
63,issue_date,tp
63,due_date,tp
63,amount_ex_vat,tp
63,supplier_tax_id,tp
63,customer_tax_id,tp
64,invoice_number,tp
64,period_from,tp
64,period_to,tp
64,issue_date,tp
64,due_date,tp
64,amount_ex_vat,tp
64,supplier_tax_id,tp
64,customer_tax_id,tp
65,invoice_number,tp
65,period_from,tp
65,period_to,tp
65,issue_date,tp
65,due_date,tp
65,amount_ex_vat,tp
65,supplier_tax_id,tp
65,customer_tax_id,tp
66,invoice_number,tp
66,period_from,tp
66,period_to,tp
66,issue_date,tp
66,due_date,tp
66,amount_ex_vat,tp
66,supplier_tax_id,tp
66,customer_tax_id,tp
67,invoice_number,tp
67,period_from,tp
67,period_to,tp
67,issue_date,tp
67,due_date,tp
67,amount_ex_vat,tp
67,supplier_tax_id,tp
67,customer_tax_id,tp
68,invoice_number,tp
68,period_from,tp
68,period_to,tp
68,issue_date,tp
68,due_date,tp
68,amount_ex_vat,tp
68,supplier_tax_id,tp
68,customer_tax_id,tp
69,invoice_number,tp
69,period_from,tp
69,period_to,tp
69,issue_date,tp
69,due_date,tp
69,amount_ex_vat,tp
69,supplier_tax_id,tp
69,customer_tax_id,fp
70,invoice_number,tp
70,period_from,tp
70,period_to,tp
70,issue_date,tp
70,due_date,tp
70,amount_ex_vat,tp
70,supplier_tax_id,tp
70,customer_tax_id,fp
71,invoice_number,tp
71,period_from,tp
71,period_to,tp
71,issue_date,tp
71,due_date,tp
71,amount_ex_vat,tp
71,supplier_tax_id,tp
71,customer_tax_id,fp
72,invoice_number,tp
72,period_from,tp
72,period_to,tp
72,issue_date,tp
72,due_date,tp
72,amount_ex_vat,tp
72,supplier_tax_id,tp
72,customer_tax_id,tp
73,invoice_number,tp
73,period_from,tp
73,period_to,tp
73,issue_date,tp
73,due_date,tp
73,amount_ex_vat,tp
73,supplier_tax_id,tp
73,customer_tax_id,tp
74,invoice_number,tp
74,period_from,tp
74,period_to,tp
74,issue_date,tp
74,due_date,tp
74,amount_ex_vat,tp
74,supplier_tax_id,tp
74,customer_tax_id,tp
75,invoice_number,tp
75,period_from,tp
75,period_to,tp
75,issue_date,tp
75,due_date,tp
75,amount_ex_vat,tp
75,supplier_tax_id,tp
75,customer_tax_id,tp
76,invoice_number,tp
76,period_from,tp
76,period_to,tp
76,issue_date,tp
76,due_date,tp
76,amount_ex_vat,tp
76,supplier_tax_id,tp
76,customer_tax_id,tp
77,invoice_number,fp
77,period_from,tp
77,period_to,tp
77,issue_date,tp
77,due_date,tp
77,amount_ex_vat,tp
77,supplier_tax_id,tp
77,customer_tax_id,tp
78,invoice_number,tp
78,period_from,tp
78,period_to,tp
78,issue_date,tp
78,due_date,tp
78,amount_ex_vat,tp
78,supplier_tax_id,tp
78,customer_tax_id,tp
79,invoice_number,tp
79,period_from,tp
79,period_to,tp
79,issue_date,tp
79,due_date,tp
79,amount_ex_vat,tp
79,supplier_tax_id,tp
79,customer_tax_id,tp
80,invoice_number,fp
80,period_from,tp
80,period_to,tp
80,issue_date,fn
80,due_date,fn
80,amount_ex_vat,fp
80,supplier_tax_id,fp
80,customer_tax_id,tp
81,invoice_number,tp
81,period_from,tp
81,period_to,tp
81,issue_date,tp
81,due_date,tp
81,amount_ex_vat,tp
81,supplier_tax_id,tp
81,customer_tax_id,tp
82,invoice_number,tp
82,period_from,tp
82,period_to,tp
82,issue_date,tp
82,due_date,tp
82,amount_ex_vat,tp
82,supplier_tax_id,tp
82,customer_tax_id,tp
83,invoice_number,tp
83,period_from,tp
83,period_to,tp
83,issue_date,tp
83,due_date,tp
83,amount_ex_vat,tp
83,supplier_tax_id,tp
83,customer_tax_id,tp
84,invoice_number,tp
84,period_from,tp
84,period_to,tp
84,issue_date,tp
84,due_date,tp
84,amount_ex_vat,tp
84,supplier_tax_id,tp
84,customer_tax_id,tp
85,invoice_number,tp
85,period_from,tp
85,period_to,tp
85,issue_date,tp
85,due_date,tp
85,amount_ex_vat,tp
85,supplier_tax_id,tp
85,customer_tax_id,tp
86,invoice_number,tp
86,period_from,tp
86,period_to,tp
86,issue_date,tp
86,due_date,tp
86,amount_ex_vat,tp
86,supplier_tax_id,tp
86,customer_tax_id,tp
87,invoice_number,tp
87,period_from,tp
87,period_to,tp
87,issue_date,tp
87,due_date,tp
87,amount_ex_vat,tp
87,supplier_tax_id,tp
87,customer_tax_id,tp
88,invoice_number,tp
88,period_from,tp
88,period_to,tp
88,issue_date,tp
88,due_date,tp
88,amount_ex_vat,tp
88,supplier_tax_id,tp
88,customer_tax_id,tp
89,invoice_number,tp
89,period_from,tp
89,period_to,tp
89,issue_date,tp
89,due_date,tp
89,amount_ex_vat,tp
89,supplier_tax_id,tp
89,customer_tax_id,tp
90,invoice_number,tp
90,period_from,tp
90,period_to,tp
90,issue_date,tp
90,due_date,tp
90,amount_ex_vat,tp
90,supplier_tax_id,tp
90,customer_tax_id,tp
91,invoice_number,tp
91,period_from,tp
91,period_to,tp
91,issue_date,tp
91,due_date,tp
91,amount_ex_vat,tp
91,supplier_tax_id,tp
91,customer_tax_id,tp
92,invoice_number,tp
92,period_from,tp
92,period_to,tp
92,issue_date,tp
92,due_date,tp
92,amount_ex_vat,tp
92,supplier_tax_id,tp
92,customer_tax_id,tp
93,invoice_number,tp
93,period_from,tp
93,period_to,tp
93,issue_date,tp
93,due_date,tp
93,amount_ex_vat,tp
93,supplier_tax_id,tp
93,customer_tax_id,tp
94,invoice_number,tp
94,period_from,tp
94,period_to,tp
94,issue_date,tp
94,due_date,tp
94,amount_ex_vat,tp
94,supplier_tax_id,tp
94,customer_tax_id,tp
95,invoice_number,tp
95,period_from,tp
95,period_to,tp
95,issue_date,tp
95,due_date,tp
95,amount_ex_vat,tp
95,supplier_tax_id,tp
95,customer_tax_id,tp
96,invoice_number,tp
96,period_from,tp
96,period_to,tp
96,issue_date,tp
96,due_date,tp
96,amount_ex_vat,tp
96,supplier_tax_id,tp
96,customer_tax_id,tp
97,invoice_number,tp
97,period_from,tp
97,period_to,tp
97,issue_date,tp
97,due_date,tp
97,amount_ex_vat,tp
97,supplier_tax_id,tp
97,customer_tax_id,tp
98,invoice_number,tp
98,period_from,tp
98,period_to,tp
98,issue_date,tp
98,due_date,tp
98,amount_ex_vat,tp
98,supplier_tax_id,tp
98,customer_tax_id,tp
99,invoice_number,tp
99,period_from,tp
99,period_to,tp
99,issue_date,tp
99,due_date,tp
99,amount_ex_vat,tp
99,supplier_tax_id,tp
99,customer_tax_id,tp
100,invoice_number,tp
100,period_from,tp
100,period_to,tp
100,issue_date,tp
100,due_date,tp
100,amount_ex_vat,tp
100,supplier_tax_id,tp
100,customer_tax_id,tp
101,invoice_number,tp
101,period_from,fn
101,period_to,fn
101,issue_date,tp
101,due_date,tp
101,amount_ex_vat,tp
101,supplier_tax_id,tp
101,customer_tax_id,tp
102,invoice_number,tp
102,period_from,tp
102,period_to,tp
102,issue_date,tp
102,due_date,tp
102,amount_ex_vat,tp
102,supplier_tax_id,tp
102,customer_tax_id,tp
103,invoice_number,tp
103,period_from,tp
103,period_to,tp
103,issue_date,tp
103,due_date,tp
103,amount_ex_vat,tp
103,supplier_tax_id,tp
103,customer_tax_id,tp
104,invoice_number,tp
104,period_from,tp
104,period_to,tp
104,issue_date,tp
104,due_date,tp
104,amount_ex_vat,tp
104,supplier_tax_id,tp
104,customer_tax_id,tp
105,invoice_number,tp
105,period_from,tp
105,period_to,tp
105,issue_date,tp
105,due_date,tp
105,amount_ex_vat,tp
105,supplier_tax_id,fp
105,customer_tax_id,fp
106,invoice_number,tp
106,period_from,tp
106,period_to,tp
106,issue_date,tp
106,due_date,tp
106,amount_ex_vat,tp
106,supplier_tax_id,tp
106,customer_tax_id,fp
107,invoice_number,tp
107,period_from,tp
107,period_to,tp
107,issue_date,tp
107,due_date,tp
107,amount_ex_vat,tp
107,supplier_tax_id,tp
107,customer_tax_id,tp
108,invoice_number,tp
108,period_from,tp
108,period_to,tp
108,issue_date,tp
108,due_date,tp
108,amount_ex_vat,tp
108,supplier_tax_id,tp
108,customer_tax_id,tp
109,invoice_number,tp
109,period_from,tp
109,period_to,tp
109,issue_date,tp
109,due_date,tp
109,amount_ex_vat,tp
109,supplier_tax_id,tp
109,customer_tax_id,fp
110,invoice_number,tp
110,period_from,tp
110,period_to,tp
110,issue_date,tp
110,due_date,tp
110,amount_ex_vat,tp
110,supplier_tax_id,tp
110,customer_tax_id,fp
111,invoice_number,tp
111,period_from,tp
111,period_to,tp
111,issue_date,tp
111,due_date,tp
111,amount_ex_vat,tp
111,supplier_tax_id,tp
111,customer_tax_id,fp
112,invoice_number,tp
112,period_from,tp
112,period_to,tp
112,issue_date,tp
112,due_date,tp
112,amount_ex_vat,tp
112,supplier_tax_id,tp
112,customer_tax_id,tp
113,invoice_number,tp
113,period_from,tp
113,period_to,tp
113,issue_date,tp
113,due_date,tp
113,amount_ex_vat,tp
113,supplier_tax_id,tp
113,customer_tax_id,tp
114,invoice_number,tp
114,period_from,tp
114,period_to,tp
114,issue_date,tp
114,due_date,tp
114,amount_ex_vat,tp
114,supplier_tax_id,tp
114,customer_tax_id,tp
115,invoice_number,tp
115,period_from,tp
115,period_to,tp
115,issue_date,tp
115,due_date,tp
115,amount_ex_vat,tp
115,supplier_tax_id,tp
115,customer_tax_id,fp
116,invoice_number,tp
116,period_from,tp
116,period_to,tp
116,issue_date,tp
116,due_date,tp
116,amount_ex_vat,tp
116,supplier_tax_id,tp
116,customer_tax_id,tp
117,invoice_number,fn
117,period_from,tp
117,period_to,tp
117,issue_date,fn
117,due_date,fn
117,amount_ex_vat,tp
117,supplier_tax_id,tp
117,customer_tax_id,tp
118,invoice_number,fn
118,period_from,tp
118,period_to,tp
118,issue_date,fn
118,due_date,fn
118,amount_ex_vat,tp
118,supplier_tax_id,tp
118,customer_tax_id,fp
119,invoice_number,fn
119,period_from,tp
119,period_to,tp
119,issue_date,fn
119,due_date,fn
119,amount_ex_vat,tp
119,supplier_tax_id,tp
119,customer_tax_id,tp
120,invoice_number,fn
120,period_from,tp
120,period_to,tp
120,issue_date,fn
120,due_date,fn
120,amount_ex_vat,tp
120,supplier_tax_id,tp
120,customer_tax_id,tp
121,invoice_number,fn
121,period_from,tp
121,period_to,tp
121,issue_date,fn
121,due_date,fn
121,amount_ex_vat,tp
121,supplier_tax_id,tp
121,customer_tax_id,fp
122,invoice_number,fn
122,period_from,tp
122,period_to,tp
122,issue_date,fn
122,due_date,fn
122,amount_ex_vat,tp
122,supplier_tax_id,tp
122,customer_tax_id,fp
123,invoice_number,fn
123,period_from,tp
123,period_to,tp
123,issue_date,fn
123,due_date,fn
123,amount_ex_vat,tp
123,supplier_tax_id,tp
123,customer_tax_id,fp
124,invoice_number,fn
124,period_from,tp
124,period_to,tp
124,issue_date,fn
124,due_date,fn
124,amount_ex_vat,tp
124,supplier_tax_id,tp
124,customer_tax_id,tp
125,invoice_number,fn
125,period_from,tp
125,period_to,tp
125,issue_date,fn
125,due_date,fn
125,amount_ex_vat,tp
125,supplier_tax_id,tp
125,customer_tax_id,fp
126,invoice_number,tp
126,period_from,tp
126,period_to,tp
126,issue_date,tp
126,due_date,tp
126,amount_ex_vat,tp
126,supplier_tax_id,tp
126,customer_tax_id,fn
127,invoice_number,tp
127,period_from,tp
127,period_to,tp
127,issue_date,tp
127,due_date,tp
127,amount_ex_vat,tp
127,supplier_tax_id,tp
127,customer_tax_id,fn
128,invoice_number,tp
128,period_from,tp
128,period_to,tp
128,issue_date,tp
128,due_date,tp
128,amount_ex_vat,tp
128,supplier_tax_id,tp
128,customer_tax_id,fn
129,invoice_number,tp
129,period_from,tp
129,period_to,tp
129,issue_date,tp
129,due_date,tp
129,amount_ex_vat,tp
129,supplier_tax_id,tp
129,customer_tax_id,fn
130,invoice_number,tp
130,period_from,tp
130,period_to,tp
130,issue_date,tp
130,due_date,tp
130,amount_ex_vat,tp
130,supplier_tax_id,tp
130,customer_tax_id,fn
131,invoice_number,tp
131,period_from,tp
131,period_to,tp
131,issue_date,tp
131,due_date,tp
131,amount_ex_vat,tp
131,supplier_tax_id,tp
131,customer_tax_id,fn
132,invoice_number,fp
132,period_from,tp
132,period_to,tp
132,issue_date,tp
132,due_date,tp
132,amount_ex_vat,tp
132,supplier_tax_id,tp
132,customer_tax_id,fn
133,invoice_number,fp
133,period_from,tp
133,period_to,tp
133,issue_date,tp
133,due_date,tp
133,amount_ex_vat,fp
133,supplier_tax_id,fp
133,customer_tax_id,fp
134,invoice_number,tp
134,period_from,tp
134,period_to,tp
134,issue_date,tp
134,due_date,tp
134,amount_ex_vat,tp
134,supplier_tax_id,tp
134,customer_tax_id,fn
135,invoice_number,tp
135,period_from,tp
135,period_to,tp
135,issue_date,tp
135,due_date,tp
135,amount_ex_vat,tp
135,supplier_tax_id,tp
135,customer_tax_id,tp
136,invoice_number,tp
136,period_from,tp
136,period_to,tp
136,issue_date,tp
136,due_date,tp
136,amount_ex_vat,tp
136,supplier_tax_id,fp
136,customer_tax_id,fn
137,invoice_number,tp
137,period_from,tp
137,period_to,tp
137,issue_date,tp
137,due_date,tp
137,amount_ex_vat,tp
137,supplier_tax_id,tp
137,customer_tax_id,tp
138,invoice_number,tp
138,period_from,tp
138,period_to,tp
138,issue_date,tp
138,due_date,tp
138,amount_ex_vat,tp
138,supplier_tax_id,fp
138,customer_tax_id,fn
139,invoice_number,tp
139,period_from,tp
139,period_to,tp
139,issue_date,tp
139,due_date,tp
139,amount_ex_vat,tp
139,supplier_tax_id,tp
139,customer_tax_id,tp
140,invoice_number,tp
140,period_from,tp
140,period_to,tp
140,issue_date,tp
140,due_date,tp
140,amount_ex_vat,tp
140,supplier_tax_id,tp
140,customer_tax_id,tp
141,invoice_number,tp
141,period_from,tp
141,period_to,tp
141,issue_date,fp
141,due_date,tp
141,amount_ex_vat,fp
141,supplier_tax_id,fp
141,customer_tax_id,fn
142,invoice_number,tp
142,period_from,tp
142,period_to,tp
142,issue_date,fp
142,due_date,tp
142,amount_ex_vat,fp
142,supplier_tax_id,tp
142,customer_tax_id,tp
143,invoice_number,tp
143,period_from,tp
143,period_to,tp
143,issue_date,tp
143,due_date,tp
143,amount_ex_vat,tp
143,supplier_tax_id,tp
143,customer_tax_id,tp
144,invoice_number,tp
144,period_from,tp
144,period_to,tp
144,issue_date,tp
144,due_date,tp
144,amount_ex_vat,tp
144,supplier_tax_id,tp
144,customer_tax_id,tp
145,invoice_number,tp
145,period_from,tp
145,period_to,tp
145,issue_date,tp
145,due_date,tp
145,amount_ex_vat,tp
145,supplier_tax_id,tp
145,customer_tax_id,tp
146,invoice_number,tp
146,period_from,tp
146,period_to,tp
146,issue_date,tp
146,due_date,tp
146,amount_ex_vat,tp
146,supplier_tax_id,tp
146,customer_tax_id,tp
147,invoice_number,tp
147,period_from,tp
147,period_to,tp
147,issue_date,tp
147,due_date,tp
147,amount_ex_vat,tp
147,supplier_tax_id,tp
147,customer_tax_id,tp
148,invoice_number,tp
148,period_from,tp
148,period_to,tp
148,issue_date,tp
148,due_date,tp
148,amount_ex_vat,tp
148,supplier_tax_id,tp
148,customer_tax_id,tp
149,invoice_number,tp
149,period_from,tp
149,period_to,tp
149,issue_date,tp
149,due_date,tp
149,amount_ex_vat,tp
149,supplier_tax_id,tp
149,customer_tax_id,tp
150,invoice_number,tp
150,period_from,tp
150,period_to,tp
150,issue_date,tp
150,due_date,tp
150,amount_ex_vat,tp
150,supplier_tax_id,tp
150,customer_tax_id,tp
151,invoice_number,tp
151,period_from,tp
151,period_to,tp
151,issue_date,tp
151,due_date,tp
151,amount_ex_vat,tp
151,supplier_tax_id,tp
151,customer_tax_id,fp
152,invoice_number,tp
152,period_from,tp
152,period_to,tp
152,issue_date,tp
152,due_date,tp
152,amount_ex_vat,fp
152,supplier_tax_id,fn
152,customer_tax_id,fn
153,invoice_number,tp
153,period_from,tp
153,period_to,tp
153,issue_date,tp
153,due_date,tp
153,amount_ex_vat,tp
153,supplier_tax_id,tp
153,customer_tax_id,tp
154,invoice_number,tp
154,period_from,tp
154,period_to,tp
154,issue_date,tp
154,due_date,tp
154,amount_ex_vat,tp
154,supplier_tax_id,tp
154,customer_tax_id,tp
155,invoice_number,tp
155,period_from,tp
155,period_to,tp
155,issue_date,tp
155,due_date,tp
155,amount_ex_vat,tp
155,supplier_tax_id,tp
155,customer_tax_id,tp
156,invoice_number,tp
156,period_from,tp
156,period_to,tp
156,issue_date,tp
156,due_date,tp
156,amount_ex_vat,tp
156,supplier_tax_id,tp
156,customer_tax_id,tp
157,invoice_number,tp
157,period_from,tp
157,period_to,tp
157,issue_date,tp
157,due_date,tp
157,amount_ex_vat,tp
157,supplier_tax_id,tp
157,customer_tax_id,tp
158,invoice_number,tp
158,period_from,tp
158,period_to,tp
158,issue_date,tp
158,due_date,tp
158,amount_ex_vat,tp
158,supplier_tax_id,tp
158,customer_tax_id,tp
159,invoice_number,fn
159,period_from,tp
159,period_to,tp
159,issue_date,tp
159,due_date,tp
159,amount_ex_vat,tp
159,supplier_tax_id,tp
159,customer_tax_id,fp
160,invoice_number,fn
160,period_from,tp
160,period_to,tp
160,issue_date,tp
160,due_date,tp
160,amount_ex_vat,tp
160,supplier_tax_id,tp
160,customer_tax_id,tp
161,invoice_number,tp
161,period_from,tp
161,period_to,tp
161,issue_date,tp
161,due_date,tp
161,amount_ex_vat,tp
161,supplier_tax_id,tp
161,customer_tax_id,tp
