komodita,pocet_stran
elektrina_nn,6
elektrina_nn,5
elektrina_nn,5
elektrina_nn,5
elektrina_nn,5
elektrina_nn,5
elektrina_nn,5
elektrina_nn,5
elektrina_nn,8
elektrina_nn,13
elektrina_nn,5
elektrina_nn,4
elektrina_nn,5
elektrina_nn,4
elektrina_nn,5
elektrina_nn,2
elektrina_nn,5
elektrina_nn,5
elektrina_nn,62
elektrina_nn,6
elektrina_nn,5
elektrina_nn,5
elektrina_nn,5
elektrina_nn,6
elektrina_nn,5
elektrina_nn,6
elektrina_nn,6
elektrina_nn,6
elektrina_nn,8
elektrina_nn,5
elektrina_nn,5
elektrina_nn,4
elektrina_nn,1
elektrina_nn,4
elektrina_nn,5
elektrina_nn,5
elektrina_nn,5
elektrina_nn,5
elektrina_nn,5
elektrina_nn,5
elektrina_nn,5
elektrina_nn,5
elektrina_nn,4
elektrina_nn,5
elektrina_nn,5
elektrina_nn,5
elektrina_nn,5
elektrina_nn,6
elektrina_nn,5
elektrina_nn,6
elektrina_nn,5
elektrina_nn,5
elektrina_nn,4
elektrina_nn,6
elektrina_nn,5
elektrina_nn,6
elektrina_nn,5
elektrina_nn,5
elektrina_nn,6
elektrina_nn,4
elektrina_nn,7
elektrina_nn,4
elektrina_nn,5
elektrina_nn,5
elektrina_nn,6
elektrina_nn,5
elektrina_nn,5
elektrina_nn,5
elektrina_nn,7
elektrina_nn,5
elektrina_nn,4
elektrina_nn,4
elektrina_nn,7
elektrina_nn,5
elektrina_nn,6
elektrina_nn,5
elektrina_nn,6
elektrina_nn,6
elektrina_nn,5
elektrina_nn,5
elektrina_nn,5
elektrina_nn,5
elektrina_nn,6
elektrina_nn,4
elektrina_nn,5
elektrina_nn,5
elektrina_nn,7
elektrina_nn,5
elektrina_nn,6
elektrina_nn,5
elektrina_nn,4
elektrina_nn,3
elektrina_nn,6
elektrina_nn,5
elektrina_nn,5
elektrina_nn,5
elektrina_nn,5
elektrina_nn,5
elektrina_nn,6
elektrina_nn,4
elektrina_nn,6
elektrina_nn,6
elektrina_nn,5
elektrina_nn,5
elektrina_nn,5
elektrina_nn,5
elektrina_nn,5
elektrina_nn,5
elektrina_nn,6
elektrina_nn,3
elektrina_nn,5
elektrina_nn,10
elektrina_nn,6
elektrina_nn,4
elektrina_nn,4
elektrina_nn,7
elektrina_nn,5
elektrina_nn,5
elektrina_nn,5
elektrina_nn,6
elektrina_nn,6
elektrina_nn,4
elektrina_nn,5
elektrina_nn,5
elektrina_nn,4
elektrina_nn,5
elektrina_nn,5
elektrina_nn,5
elektrina_nn,5
elektrina_nn,5
elektrina_nn,5
elektrina_nn,5
elektrina_nn,5
elektrina_nn,12
elektrina_nn,5
elektrina_nn,6
elektrina_nn,6
elektrina_nn,6
elektrina_nn,4
elektrina_nn,5
elektrina_nn,5
elektrina_nn,4
elektrina_nn,5
elektrina_nn,5
elektrina_nn,5
elektrina_nn,5
elektrina_nn,5
elektrina_nn,5
elektrina_nn,5
elektrina_nn,6
elektrina_nn,5
elektrina_nn,5
elektrina_nn,5
elektrina_nn,5
elektrina_nn,6
elektrina_nn,5
elektrina_nn,5
elektrina_nn,5
elektrina_nn,5
elektrina_nn,4
elektrina_nn,6
elektrina_nn,5
elektrina_nn,5
elektrina_nn,5
elektrina_nn,5
elektrina_nn,6
elektrina_nn,5
elektrina_nn,5
elektrina_nn,5
elektrina_nn,5
elektrina_nn,5
elektrina_nn,5
elektrina_nn,5
elektrina_nn,5
elektrina_nn,5
elektrina_nn,5
elektrina_nn,5
elektrina_nn,5
elektrina_nn,5
elektrina_nn,4
elektrina_nn,5
elektrina_nn,5
elektrina_nn,5
elektrina_nn,5
elektrina_nn,6
elektrina_nn,4
elektrina_nn,5
elektrina_nn,4
elektrina_nn,4
elektrina_nn,6
elektrina_nn,5
elektrina_nn,5
elektrina_nn,5
elektrina_nn,5
elektrina_nn,6
elektrina_nn,5
elektrina_nn,6
elektrina_nn,5
elektrina_nn,6
elektrina_nn,6
elektrina_nn,4
elektrina_nn,5
elektrina_nn,5
elektrina_nn,5
elektrina_nn,5
elektrina_nn,5
elektrina_nn,4
elektrina_nn,5
elektrina_nn,6
elektrina_nn,5
elektrina_nn,5
elektrina_nn,5
elektrina_nn,4
elektrina_nn,5
elektrina_nn,4
elektrina_nn,5
elektrina_nn,12
elektrina_nn,4
elektrina_nn,5
elektrina_nn,5
elektrina_nn,5
elektrina_nn,5
elektrina_nn,3
elektrina_nn,5
elektrina_nn,5
elektrina_nn,3
elektrina_nn,5
elektrina_nn,5
elektrina_nn,5
elektrina_nn,5
elektrina_nn,5
elektrina_nn,5
elektrina_nn,4
elektrina_nn,6
elektrina_nn,6
elektrina_nn,5
elektrina_nn,8
elektrina_nn,5
elektrina_nn,11
elektrina_nn,5
elektrina_nn,6
elektrina_nn,5
elektrina_nn,5
elektrina_nn,5
elektrina_nn,4
elektrina_nn,5
elektrina_nn,5
elektrina_nn,10
elektrina_nn,5
elektrina_nn,5
elektrina_nn,5
elektrina_nn,5
elektrina_nn,6
elektrina_nn,6
elektrina_nn,4
elektrina_nn,5
elektrina_nn,5
elektrina_nn,4
elektrina_nn,5
elektrina_nn,4
elektrina_nn,6
elektrina_nn,5
elektrina_nn,4
elektrina_nn,5
elektrina_nn,5
elektrina_nn,5
elektrina_nn,5
elektrina_nn,5
elektrina_nn,5
elektrina_nn,6
elektrina_nn,5
elektrina_nn,6
elektrina_nn,5
elektrina_nn,5
elektrina_nn,5
elektrina_nn,4
elektrina_nn,5
elektrina_nn,4
elektrina_nn,6
elektrina_nn,5
elektrina_nn,5
elektrina_nn,12
elektrina_nn,5
elektrina_nn,5
elektrina_nn,49
elektrina_nn,5
elektrina_nn,5
elektrina_nn,4
elektrina_nn,6
elektrina_nn,5
elektrina_nn,5
elektrina_nn,6
elektrina_nn,6
elektrina_nn,4
elektrina_nn,5
elektrina_nn,5
elektrina_nn,7
elektrina_nn,5
elektrina_nn,5
elektrina_nn,5
elektrina_vn,4
elektrina_vn,4
elektrina_vn,4
elektrina_vn,4
elektrina_vn,2
elektrina_vn,2
elektrina_vn,2
elektrina_vn,4
elektrina_vn,1
elektrina_vn,4
elektrina_vn,4
elektrina_vn,1
elektrina_vn,4
elektrina_vn,3
elektrina_vn,4
elektrina_vn,6
elektrina_vn,4
elektrina_vn,4
elektrina_vn,4
elektrina_vn,2
elektrina_vn,4
elektrina_vn,4
elektrina_vn,4
elektrina_vn,4
elektrina_vn,2
elektrina_vn,2
elektrina_vn,4
elektrina_vn,4
elektrina_vn,2
elektrina_vn,3
elektrina_vn,2
elektrina_vn,2
elektrina_vn,2
elektrina_vn,4
elektrina_vn,2
elektrina_vn,2
elektrina_vn,2
elektrina_vn,2
elektrina_vn,4
elektrina_vn,3
elektrina_vn,4
elektrina_vn,3
elektrina_vn,3
elektrina_vn,2
elektrina_vn,3
elektrina_vn,3
elektrina_vn,4
elektrina_vn,4
elektrina_vn,4
elektrina_vn,4
elektrina_vn,4
elektrina_vn,2
elektrina_vn,4
elektrina_vn,4
elektrina_vn,3
elektrina_vn,2
elektrina_vn,4
elektrina_vn,2
elektrina_vn,3
elektrina_vn,4
elektrina_vn,3
elektrina_vn,3
elektrina_vn,3
elektrina_vn,3
elektrina_vn,5
elektrina_vn,3
elektrina_vn,4
elektrina_vn,2
elektrina_vn,4
elektrina_vn,2
elektrina_vn,4
elektrina_vn,4
elektrina_vn,2
elektrina_vn,2
elektrina_vn,4
elektrina_vn,3
elektrina_vn,3
elektrina_vn,4
elektrina_vn,2
elektrina_vn,2
elektrina_vn,4
elektrina_vn,3
elektrina_vn,5
elektrina_vn,4
elektrina_vn,2
elektrina_vn,3
elektrina_vn,2
elektrina_vn,4
elektrina_vn,4
elektrina_vn,4
elektrina_vn,2
elektrina_vn,1
elektrina_vn,3
elektrina_vn,4
elektrina_vn,4
elektrina_vn,2
elektrina_vn,2
elektrina_vn,1
elektrina_vn,4
elektrina_vn,4
elektrina_vn,4
elektrina_vn,4
elektrina_vn,4
elektrina_vn,3
elektrina_vn,2
elektrina_vn,3
elektrina_vn,3
elektrina_vn,4
elektrina_vn,2
elektrina_vn,4
elektrina_vn,4
elektrina_vn,4
elektrina_vn,4
elektrina_vn,2
elektrina_vn,2
elektrina_vn,2
elektrina_vn,1
elektrina_vn,2
elektrina_vn,1
elektrina_vn,2
elektrina_vn,1
elektrina_vn,2
elektrina_vn,2
elektrina_vn,4
elektrina_vn,3
elektrina_vn,2
elektrina_vn,4
elektrina_vn,4
elektrina_vn,4
elektrina_vn,3
elektrina_vn,4
elektrina_vn,3
elektrina_vn,3
elektrina_vn,2
elektrina_vn,3
elektrina_vn,4
elektrina_vn,3
elektrina_vn,2
elektrina_vn,2
elektrina_vn,4
elektrina_vn,4
elektrina_vn,2
elektrina_vn,2
elektrina_vn,2
elektrina_vn,4
elektrina_vn,2
elektrina_vn,6
elektrina_vn,4
elektrina_vn,4
elektrina_vn,2
elektrina_vn,2
elektrina_vn,2
elektrina_vn,4
elektrina_vn,2
elektrina_vn,4
elektrina_vn,4
elektrina_vn,2
elektrina_vn,2
elektrina_vn,4
elektrina_vn,2
elektrina_vn,2
elektrina_vn,1
elektrina_vn,3
elektrina_vn,4
elektrina_vn,4
elektrina_vn,3
elektrina_vn,3
elektrina_vn,4
elektrina_vn,4
elektrina_vn,2
elektrina_vn,2
elektrina_vn,4
elektrina_vn,2
elektrina_vn,2
elektrina_vn,2
elektrina_vn,2
elektrina_vn,4
elektrina_vn,3
elektrina_vn,2
elektrina_vn,2
elektrina_vn,2
elektrina_vn,3
elektrina_vn,1
elektrina_vn,2
elektrina_vn,3
elektrina_vn,4
elektrina_vn,3
elektrina_vn,4
elektrina_vn,2
elektrina_vn,4
elektrina_vn,2
elektrina_vn,4
elektrina_vn,4
elektrina_vn,4
elektrina_vn,4
elektrina_vn,4
elektrina_vn,4
elektrina_vn,2
elektrina_vn,2
elektrina_vn,2
elektrina_vn,4
elektrina_vn,4
elektrina_vn,4
elektrina_vn,2
elektrina_vn,4
elektrina_vn,4
elektrina_vn,4
elektrina_vn,2
elektrina_vn,4
elektrina_vn,2
elektrina_vn,2
elektrina_vn,3
elektrina_vn,3
elektrina_vn,3
elektrina_vn,4
elektrina_vn,4
elektrina_vn,2
elektrina_vn,2
elektrina_vn,2
elektrina_vn,1
elektrina_vn,2
elektrina_vn,1
elektrina_vn,2
elektrina_vn,3
elektrina_vn,4
elektrina_vn,4
elektrina_vn,2
elektrina_vn,2
elektrina_vn,3
elektrina_vn,4
elektrina_vn,2
elektrina_vn,4
elektrina_vn,4
elektrina_vn,2
elektrina_vn,4
elektrina_vn,4
elektrina_vn,4
elektrina_vn,4
elektrina_vn,4
elektrina_vn,4
elektrina_vn,4
elektrina_vn,2
elektrina_vn,3
elektrina_vn,1
elektrina_vn,2
elektrina_vn,2
elektrina_vn,4
elektrina_vn,1
elektrina_vn,4
elektrina_vn,2
elektrina_vn,2
elektrina_vn,4
elektrina_vn,4
elektrina_vn,4
elektrina_vn,4
elektrina_vn,2
elektrina_vn,4
elektrina_vn,3
elektrina_vn,3
elektrina_vn,2
elektrina_vn,4
elektrina_vn,4
elektrina_vn,4
elektrina_vn,1
elektrina_vn,4
elektrina_vn,4
elektrina_vn,4
elektrina_vn,2
elektrina_vn,1
elektrina_vn,2
elektrina_vn,4
elektrina_vn,4
elektrina_vn,4
elektrina_vn,2
elektrina_vn,4
elektrina_vn,2
elektrina_vn,2
elektrina_vn,4
elektrina_vn,4
elektrina_vn,2
elektrina_vn,4
elektrina_vn,2
elektrina_vn,2
elektrina_vn,4
elektrina_vn,2
elektrina_vn,3
elektrina_vn,2
elektrina_vn,4
elektrina_vn,2
elektrina_vn,4
elektrina_vn,2
elektrina_vn,2
elektrina_vn,4
elektrina_vn,3
elektrina_vn,2
elektrina_vn,4
elektrina_vn,3
elektrina_vn,2
elektrina_vn,4
elektrina_vn,2
plyn_mo,5
plyn_mo,5
plyn_mo,7
plyn_mo,4
plyn_mo,6
plyn_mo,6
plyn_mo,6
plyn_mo,5
plyn_mo,4
plyn_mo,5
plyn_mo,5
plyn_mo,3
plyn_mo,5
plyn_mo,4
plyn_mo,6
plyn_mo,5
plyn_mo,5
plyn_mo,5
plyn_mo,5
plyn_mo,6
plyn_mo,5
plyn_mo,4
plyn_mo,4
plyn_mo,9
plyn_mo,5
plyn_mo,5
plyn_mo,3
plyn_mo,4
plyn_mo,5
plyn_mo,4
plyn_mo,5
plyn_mo,6
plyn_mo,9
plyn_mo,4
plyn_mo,6
plyn_mo,5
plyn_mo,5
plyn_mo,5
plyn_mo,4
plyn_mo,5
plyn_mo,5
plyn_mo,4
plyn_mo,6
plyn_mo,5
plyn_mo,5
plyn_mo,5
plyn_mo,6
plyn_mo,6
plyn_mo,5
plyn_mo,6
plyn_mo,4
plyn_mo,5
plyn_mo,5
plyn_mo,6
plyn_mo,4
plyn_mo,5
plyn_mo,4
plyn_mo,6
plyn_mo,4
plyn_mo,5
plyn_mo,5
plyn_mo,5
plyn_mo,5
plyn_mo,6
plyn_mo,5
plyn_mo,6
plyn_mo,7
plyn_mo,5
plyn_mo,5
plyn_mo,5
plyn_mo,6
plyn_mo,6
plyn_mo,5
plyn_mo,4
plyn_mo,4
plyn_mo,5
plyn_mo,5
plyn_mo,5
plyn_mo,5
plyn_mo,6
plyn_mo,5
plyn_mo,5
plyn_mo,5
plyn_mo,10
plyn_mo,5
plyn_mo,4
plyn_mo,6
plyn_mo,5
plyn_mo,5
plyn_mo,7
plyn_mo,5
plyn_mo,5
plyn_mo,5
plyn_mo,4
plyn_mo,5
plyn_mo,5
plyn_mo,5
plyn_mo,5
plyn_mo,6
plyn_mo,6
plyn_mo,6
plyn_mo,4
plyn_mo,5
plyn_mo,4
plyn_mo,5
plyn_mo,5
plyn_mo,5
plyn_mo,4
plyn_mo,5
plyn_mo,3
plyn_mo,5
plyn_mo,6
plyn_mo,5
plyn_mo,5
plyn_mo,6
plyn_mo,3
plyn_mo,5
plyn_mo,6
plyn_mo,6
plyn_mo,5
plyn_mo,5
plyn_mo,5
plyn_mo,4
plyn_mo,6
plyn_mo,5
plyn_mo,4
plyn_mo,5
plyn_mo,5
plyn_mo,6
plyn_mo,4
plyn_mo,6
plyn_mo,4
plyn_mo,6
plyn_mo,5
plyn_mo,4
plyn_mo,6
plyn_mo,5
plyn_mo,5
plyn_mo,6
plyn_mo,3
plyn_mo,3
plyn_mo,1
plyn_mo,5
plyn_mo,7
plyn_mo,8
plyn_mo,6
plyn_mo,5
plyn_mo,5
plyn_mo,6
plyn_mo,4
plyn_mo,5
plyn_mo,6
plyn_mo,5
plyn_mo,5
plyn_mo,2
plyn_mo,4
plyn_mo,4
plyn_mo,5
plyn_mo,6
plyn_mo,5
plyn_mo,5
plyn_mo,16
plyn_mo,5
plyn_mo,6
plyn_mo,8
plyn_mo,5
plyn_mo,6
plyn_mo,5
plyn_mo,6
plyn_mo,5
plyn_mo,5
plyn_mo,4
plyn_mo,6
plyn_mo,5
plyn_mo,6
plyn_mo,6
plyn_mo,5
plyn_mo,6
plyn_mo,6
plyn_mo,5
plyn_mo,5
plyn_mo,4
plyn_mo,5
plyn_mo,5
plyn_mo,5
plyn_mo,5
plyn_mo,1
plyn_mo,4
plyn_mo,5
plyn_mo,5
plyn_mo,1
plyn_mo,5
plyn_mo,5
plyn_mo,5
plyn_mo,5
plyn_mo,6
plyn_mo,5
plyn_mo,4
plyn_mo,6
plyn_mo,4
plyn_mo,5
plyn_mo,5
plyn_mo,5
plyn_mo,5
plyn_mo,5
plyn_mo,5
plyn_mo,4
plyn_mo,5
plyn_mo,7
plyn_mo,5
plyn_mo,8
plyn_mo,4
plyn_mo,5
plyn_mo,14
plyn_mo,8
plyn_mo,3
plyn_mo,5
plyn_mo,5
plyn_mo,5
plyn_mo,3
plyn_mo,5
plyn_mo,5
plyn_mo,8
plyn_mo,5
plyn_mo,4
plyn_mo,6
plyn_mo,3
plyn_mo,5
plyn_mo,9
plyn_mo,6
plyn_mo,4
plyn_mo,5
plyn_mo,5
plyn_mo,5
plyn_mo,5
plyn_mo,5
plyn_mo,4
plyn_mo,4
plyn_mo,6
plyn_mo,5
plyn_mo,5
plyn_mo,5
plyn_mo,5
plyn_mo,4
plyn_mo,5
plyn_mo,6
plyn_mo,5
plyn_mo,5
plyn_mo,3
plyn_mo,6
plyn_mo,5
plyn_mo,5
plyn_mo,5
plyn_mo,5
plyn_mo,5
plyn_mo,5
plyn_mo,8
plyn_mo,4
plyn_mo,4
plyn_mo,5
plyn_mo,6
plyn_mo,6
plyn_mo,15
plyn_mo,5
plyn_mo,6
plyn_mo,5
plyn_mo,6
plyn_mo,3
plyn_mo,2
plyn_mo,5
plyn_mo,4
plyn_mo,5
plyn_mo,5
plyn_mo,4
plyn_mo,3
plyn_mo,6
plyn_mo,5
plyn_mo,3
plyn_mo,4
plyn_mo,6
plyn_mo,5
plyn_mo,5
plyn_mo,8
plyn_mo,4
plyn_mo,5
plyn_mo,5
plyn_mo,5
plyn_mo,5
plyn_mo,3
plyn_mo,5
plyn_mo,5
plyn_mo,5
plyn_mo,5
plyn_mo,5
plyn_mo,3
plyn_mo,6
plyn_mo,5
plyn_mo,5
plyn_mo,3
plyn_mo,6
plyn_vo,3
plyn_vo,3
plyn_vo,3
plyn_vo,3
plyn_vo,3
plyn_vo,3
plyn_vo,3
plyn_vo,3
plyn_vo,3
plyn_vo,4
plyn_vo,4
plyn_vo,3
plyn_vo,3
plyn_vo,3
plyn_vo,3
plyn_vo,3
plyn_vo,4
plyn_vo,3
plyn_vo,3
plyn_vo,3
plyn_vo,4
plyn_vo,4
plyn_vo,4
plyn_vo,3
plyn_vo,3
plyn_vo,3
plyn_vo,3
plyn_vo,4
plyn_vo,3
plyn_vo,3
plyn_vo,3
plyn_vo,4
plyn_vo,3
plyn_vo,4
plyn_vo,3
plyn_vo,3
plyn_vo,3
plyn_vo,3
plyn_vo,3
plyn_vo,3
plyn_vo,4
plyn_vo,3
plyn_vo,3
plyn_vo,3
plyn_vo,4
plyn_vo,2
plyn_vo,4
plyn_vo,3
plyn_vo,4
plyn_vo,3
plyn_vo,3
plyn_vo,3
plyn_vo,4
plyn_vo,3
plyn_vo,4
plyn_vo,4
plyn_vo,3
plyn_vo,4
plyn_vo,4
plyn_vo,3
plyn_vo,4
plyn_vo,3
plyn_vo,4
plyn_vo,3
plyn_vo,4
plyn_vo,4
plyn_vo,4
plyn_vo,4
plyn_vo,4
plyn_vo,3
plyn_vo,3
plyn_vo,3
plyn_vo,3
plyn_vo,4
plyn_vo,4
plyn_vo,3
plyn_vo,3
plyn_vo,3
plyn_vo,3
plyn_vo,3
plyn_vo,3
plyn_vo,4
plyn_vo,3
plyn_vo,3
plyn_vo,4
plyn_vo,1
plyn_vo,3
plyn_vo,3
plyn_vo,3
plyn_vo,3
plyn_vo,3
plyn_vo,3
plyn_vo,3
plyn_vo,4
plyn_vo,2
plyn_vo,3
plyn_vo,3
plyn_vo,3
plyn_vo,3
plyn_vo,3
plyn_vo,3
plyn_vo,3
plyn_vo,4
plyn_vo,3
plyn_vo,3
plyn_vo,3
plyn_vo,3
plyn_vo,3
plyn_vo,4
plyn_vo,3
plyn_vo,2
plyn_vo,4
plyn_vo,4
plyn_vo,3
plyn_vo,4
plyn_vo,4
plyn_vo,3
plyn_vo,4
plyn_vo,3
plyn_vo,4
plyn_vo,1
plyn_vo,3
plyn_vo,4
plyn_vo,3
plyn_vo,3
plyn_vo,4
plyn_vo,3
plyn_vo,4
plyn_vo,3
plyn_vo,3
plyn_vo,2
plyn_vo,3
plyn_vo,3
plyn_vo,3
plyn_vo,4
plyn_vo,3
plyn_vo,4
plyn_vo,4
plyn_vo,3
plyn_vo,3
plyn_vo,3
plyn_vo,3
plyn_vo,3
plyn_vo,4
plyn_vo,4
plyn_vo,3
plyn_vo,3
plyn_vo,3
plyn_vo,3
plyn_vo,3
plyn_vo,4
plyn_vo,3
plyn_vo,3
plyn_vo,3
plyn_vo,3
plyn_vo,3
plyn_vo,3
plyn_vo,3
plyn_vo,3
plyn_vo,2
plyn_vo,3
plyn_vo,4
plyn_vo,4
plyn_vo,4
plyn_vo,3
plyn_vo,3
plyn_vo,3
plyn_vo,3
plyn_vo,3
plyn_vo,4
plyn_vo,3
plyn_vo,4
plyn_vo,4
plyn_vo,4
plyn_vo,3
plyn_vo,3
plyn_vo,4
plyn_vo,4
plyn_vo,3
plyn_vo,4
plyn_vo,3
plyn_vo,2
plyn_vo,4
plyn_vo,3
plyn_vo,3
plyn_vo,3
plyn_vo,4
plyn_vo,4
plyn_vo,3
plyn_vo,3
plyn_vo,4
plyn_vo,3
plyn_vo,3
plyn_vo,4
plyn_vo,3
plyn_vo,3
plyn_vo,4
plyn_vo,4
plyn_vo,4
plyn_vo,4
plyn_vo,4
plyn_vo,3
plyn_vo,2
plyn_vo,3
plyn_vo,4
plyn_vo,3
plyn_vo,4
plyn_vo,4
plyn_vo,3
plyn_vo,4
plyn_vo,3
plyn_vo,3
plyn_vo,3
plyn_vo,4
plyn_vo,3
plyn_vo,3
plyn_vo,3
plyn_vo,4
plyn_vo,4
plyn_vo,3
plyn_vo,3
plyn_vo,3
plyn_vo,3
plyn_vo,4
plyn_vo,3
plyn_vo,3
plyn_vo,3
plyn_vo,2
plyn_vo,4
plyn_vo,4
plyn_vo,3
plyn_vo,3
plyn_vo,3
plyn_vo,3
plyn_vo,4
plyn_vo,2
plyn_vo,3
plyn_vo,4
plyn_vo,4
plyn_vo,3
plyn_vo,5
plyn_vo,3
plyn_vo,3
plyn_vo,3
plyn_vo,3
plyn_vo,3
plyn_vo,3
plyn_vo,3
plyn_vo,3
plyn_vo,4
plyn_vo,3
plyn_vo,4
plyn_vo,4
plyn_vo,4
plyn_vo,4
plyn_vo,4
plyn_vo,4
plyn_vo,3
plyn_vo,4
plyn_vo,4
plyn_vo,4
plyn_vo,3
plyn_vo,3
plyn_vo,3
plyn_vo,3
plyn_vo,3
plyn_vo,3
plyn_vo,4
plyn_vo,3
plyn_vo,3
plyn_vo,3
plyn_vo,4
plyn_vo,2
plyn_vo,3
plyn_vo,4
plyn_vo,3
plyn_vo,4
plyn_vo,3
plyn_vo,4
plyn_vo,3
plyn_vo,4
plyn_vo,2
plyn_vo,4
plyn_vo,3
plyn_vo,3
plyn_vo,4
plyn_vo,4
plyn_vo,4
plyn_vo,4
plyn_vo,6
plyn_vo,2
plyn_vo,4
plyn_vo,3
plyn_vo,3
plyn_vo,3
plyn_vo,3
plyn_vo,3
plyn_vo,3
plyn_vo,3
plyn_vo,3
teplo,2
teplo,4
teplo,3
teplo,4
teplo,4
teplo,3
teplo,3
teplo,9
teplo,4
teplo,3
teplo,4
teplo,4
teplo,10
teplo,10
teplo,6
teplo,2
teplo,6
teplo,2
teplo,3
teplo,2
teplo,6
teplo,8
teplo,3
teplo,10
teplo,6
teplo,2
teplo,1
teplo,12
teplo,10
teplo,10
teplo,3
teplo,10
teplo,8
teplo,10
teplo,2
teplo,5
teplo,3
teplo,2
teplo,2
teplo,1
teplo,10
teplo,8
teplo,8
teplo,3
teplo,2
teplo,2
teplo,4
teplo,4
teplo,3
teplo,10
teplo,3
teplo,2
teplo,2
teplo,12
teplo,3
teplo,4
teplo,3
teplo,3
teplo,10
teplo,5
teplo,22
teplo,3
teplo,10
teplo,5
teplo,3
teplo,2
teplo,4
teplo,6
teplo,2
teplo,4
teplo,3
teplo,6
teplo,4
teplo,6
teplo,4
teplo,4
teplo,19
teplo,6
teplo,5
teplo,3
teplo,12
teplo,3
teplo,6
teplo,12
teplo,4
teplo,8
teplo,3
teplo,2
teplo,10
teplo,1
teplo,10
teplo,10
teplo,3
teplo,10
teplo,5
teplo,2
teplo,8
teplo,4
teplo,2
teplo,9
teplo,6
teplo,4
teplo,6
teplo,12
teplo,4
teplo,10
teplo,8
teplo,2
teplo,5
teplo,4
teplo,10
teplo,3
teplo,3
teplo,6
teplo,4
teplo,4
teplo,6
teplo,6
teplo,4
teplo,6
teplo,10
teplo,4
teplo,10
teplo,10
teplo,3
teplo,10
teplo,10
teplo,5
teplo,10
teplo,2
teplo,2
teplo,4
teplo,2
teplo,10
teplo,3
teplo,7
teplo,10
teplo,10
teplo,3
teplo,4
teplo,4
teplo,5
teplo,1
teplo,4
teplo,10
teplo,3
teplo,4
teplo,3
teplo,4
teplo,10
teplo,10
teplo,3
teplo,1
teplo,10
teplo,2
teplo,8
teplo,6
teplo,5
teplo,3
teplo,5
teplo,2
teplo,2
teplo,1
teplo,4
teplo,5
teplo,12
teplo,6
teplo,2
teplo,4
teplo,3
teplo,5
teplo,3
teplo,4
teplo,10
teplo,4
teplo,3
teplo,3
teplo,3
teplo,2
teplo,4
teplo,4
teplo,2
teplo,3
teplo,2
teplo,3
teplo,3
teplo,2
teplo,3
teplo,3
teplo,6
teplo,1
teplo,2
teplo,10
teplo,2
teplo,2
teplo,3
teplo,2
teplo,2
teplo,7
teplo,6
teplo,10
teplo,6
teplo,12
teplo,3
teplo,2
teplo,4
teplo,4
teplo,2
teplo,3
teplo,4
teplo,4
teplo,3
teplo,12
teplo,2
teplo,2
teplo,3
teplo,3
teplo,10
teplo,3
teplo,6
teplo,2
teplo,3
teplo,8
teplo,10
teplo,6
teplo,3
teplo,8
teplo,4
teplo,6
teplo,4
teplo,10
teplo,4
teplo,4
teplo,4
teplo,18
teplo,3
teplo,4
teplo,2
teplo,2
teplo,3
teplo,2
teplo,4
teplo,6
teplo,10
teplo,6
teplo,3
teplo,10
teplo,6
teplo,2
teplo,2
teplo,3
teplo,4
teplo,3
teplo,3
teplo,4
teplo,6
teplo,2
teplo,10
teplo,10
teplo,4
teplo,1
teplo,2
teplo,5
teplo,3
teplo,2
teplo,3
teplo,4
teplo,2
teplo,10
teplo,4
teplo,4
teplo,2
teplo,4
teplo,6
teplo,4
teplo,4
teplo,2
teplo,3
teplo,4
teplo,2
teplo,3
teplo,3
teplo,3
teplo,4
teplo,3
teplo,2
teplo,6
teplo,3
teplo,6
teplo,4
teplo,10
teplo,3
teplo,2
teplo,6
teplo,3
teplo,3
teplo,10
teplo,6
teplo,6
teplo,4
voda,2
voda,2
voda,2
voda,4
voda,4
voda,4
voda,2
voda,4
voda,4
voda,2
voda,2
voda,4
voda,2
voda,4
voda,1
voda,2
voda,6
voda,2
voda,3
voda,2
voda,6
voda,2
voda,4
voda,4
voda,4
voda,7
voda,6
voda,2
voda,3
voda,4
voda,4
voda,6
voda,6
voda,4
voda,4
voda,4
voda,4
voda,4
voda,2
voda,2
voda,2
voda,2
voda,4
voda,2
voda,7
voda,2
voda,3
voda,8
voda,4
voda,3
voda,4
voda,4
voda,8
voda,4
voda,4
voda,2
voda,4
voda,2
voda,2
voda,4
voda,6
voda,4
voda,4
voda,4
voda,4
voda,3
voda,6
voda,4
voda,2
voda,4
voda,4
voda,6
voda,2
voda,4
voda,2
voda,1
voda,1
voda,6
voda,4
voda,6
voda,4
voda,4
voda,2
voda,4
voda,2
voda,4
voda,8
voda,6
voda,4
voda,2
voda,2
voda,2
voda,2
voda,6
voda,6
voda,3
voda,2
voda,8
voda,2
voda,4
voda,2
voda,8
voda,8
voda,2
voda,4
voda,4
voda,4
voda,6
voda,3
voda,3
voda,4
voda,4
voda,4
voda,4
voda,3
voda,8
voda,6
voda,2
voda,4
voda,2
voda,1
voda,1
voda,3
voda,6
voda,2
voda,2
voda,4
voda,2
voda,8
voda,1
voda,1
voda,2
voda,3
voda,4
voda,4
voda,2
voda,4
voda,3
voda,10
voda,2
voda,8
voda,3
voda,8
voda,2
voda,6
voda,3
voda,2
voda,7
voda,4
voda,2
voda,3
voda,2
voda,8
voda,1
voda,4
voda,2
voda,7
voda,2
voda,8
voda,4
voda,8
voda,4
voda,4
voda,4
voda,2
voda,2
voda,2
voda,4
voda,4
voda,4
voda,4
voda,4
voda,6
voda,7
voda,2
voda,4
voda,8
voda,4
voda,5
voda,4
voda,6
voda,2
voda,3
voda,3
voda,4
voda,2
voda,7
voda,2
voda,2
voda,2
voda,2
voda,4
voda,1
voda,2
voda,4
voda,3
voda,2
voda,4
voda,6
voda,4
voda,4
voda,11
voda,4
voda,2
voda,5
voda,4
voda,6
voda,2
voda,4
voda,4
voda,2
voda,2
voda,2
voda,4
voda,4
voda,4
voda,5
voda,6
voda,4
voda,2
voda,4
voda,8
voda,3
voda,6
voda,2
voda,4
voda,4
voda,2
voda,2
voda,2
voda,2
voda,2
voda,2
voda,4
voda,4
voda,4
voda,2
voda,3
voda,4
voda,1
voda,8
voda,6
voda,4
voda,3
voda,4
voda,2
voda,4
voda,3
voda,1
voda,2
voda,8
voda,3
voda,6
voda,4
voda,3
voda,8
voda,1
voda,1
voda,4
voda,6
voda,7
voda,2
voda,4
voda,2
voda,4
voda,6
voda,4
voda,4
voda,4
voda,4
voda,4
voda,1
voda,2
voda,5
voda,8
voda,8
voda,4
voda,2
voda,8
voda,2
voda,4
voda,6
voda,3
voda,6
voda,8
voda,2
voda,4
voda,2
voda,2
voda,8
voda,6
voda,1
voda,6
voda,4
voda,4
voda,2
voda,4
voda,2
voda,2
voda,5
